{
  "overall": {
    "bertscore": {
      "precision": 0.6694994568824768,
      "recall": 0.8075881886482239,
      "f1": 0.7187062501907349
    },
    "macro_recall": {
      "macro_recall": 0.7973958333333333,
      "category_recalls": {
        "symptoms": 0.7979166666666666,
        "diagnosis": 0.7,
        "treatments": 0.7625,
        "examinations": 0.9291666666666666
      },
      "detailed_recalls": {
        "symptoms": [
          1.0,
          0.75,
          0.6666666666666666,
          1.0,
          0.5,
          0.6666666666666666,
          0.3333333333333333,
          0.5,
          0.5,
          0.5,
          1.0,
          1.0,
          1.0,
          1.0,
          1.0,
          1.0,
          1.0,
          1.0,
          1.0,
          1.0,
          1.0,
          0.5,
          1.0,
          1.0,
          1.0,
          1.0,
          0.0,
          1.0,
          0.0,
          1.0,
          0.0,
          0.5,
          1.0,
          1.0,
          1.0,
          1.0,
          1.0,
          1.0,
          0.5,
          1.0
        ],
        "diagnosis": [
          0.0,
          1.0,
          0.0,
          0.0,
          0.0,
          1.0,
          1.0,
          1.0,
          1.0,
          1.0,
          0.0,
          1.0,
          1.0,
          1.0,
          1.0,
          0.0,
          0.0,
          1.0,
          0.5,
          1.0,
          0.0,
          1.0,
          1.0,
          1.0,
          1.0,
          1.0,
          0.5,
          1.0,
          0.0,
          1.0,
          0.5,
          1.0,
          0.0,
          1.0,
          0.5,
          1.0,
          1.0,
          1.0,
          1.0,
          1.0
        ],
        "treatments": [
          1.0,
          0.0,
          0.0,
          1.0,
          0.0,
          1.0,
          0.0,
          0.5,
          1.0,
          1.0,
          0.0,
          1.0,
          1.0,
          1.0,
          1.0,
          0.0,
          1.0,
          1.0,
          1.0,
          1.0,
          1.0,
          0.0,
          1.0,
          0.0,
          1.0,
          1.0,
          1.0,
          1.0,
          1.0,
          1.0,
          1.0,
          1.0,
          0.0,
          1.0,
          1.0,
          1.0,
          1.0,
          1.0,
          1.0,
          1.0
        ],
        "examinations": [
          0.5,
          0.0,
          1.0,
          1.0,
          1.0,
          1.0,
          1.0,
          1.0,
          1.0,
          1.0,
          1.0,
          1.0,
          1.0,
          1.0,
          1.0,
          1.0,
          1.0,
          1.0,
          1.0,
          1.0,
          1.0,
          1.0,
          1.0,
          1.0,
          1.0,
          1.0,
          1.0,
          0.6666666666666666,
          1.0,
          1.0,
          1.0,
          1.0,
          1.0,
          1.0,
          1.0,
          0.0,
          1.0,
          1.0,
          1.0,
          1.0
        ]
      }
    }
  },
  "field_level": {
    "主诉": {
      "bertscore_f1_mean": 0.7535508677363396,
      "bertscore_f1_std": 0.0927453681078409,
      "macro_recall": 0.9114583333333333,
      "category_recalls": {
        "symptoms": 0.7708333333333333,
        "diagnosis": 0.875,
        "treatments": 1.0,
        "examinations": 1.0
      }
    },
    "现病史": {
      "bertscore_f1_mean": 0.7123001724481582,
      "bertscore_f1_std": 0.06161530225383489,
      "macro_recall": 0.8739583333333333,
      "category_recalls": {
        "symptoms": 0.7458333333333333,
        "diagnosis": 0.85,
        "treatments": 0.9,
        "examinations": 1.0
      }
    },
    "辅助检查": {
      "bertscore_f1_mean": 0.5814691066741944,
      "bertscore_f1_std": 0.0915565408971832,
      "macro_recall": 0.975,
      "category_recalls": {
        "symptoms": 1.0,
        "diagnosis": 1.0,
        "treatments": 1.0,
        "examinations": 0.9
      }
    },
    "既往史": {
      "bertscore_f1_mean": 0.5682388953864574,
      "bertscore_f1_std": 0.0686864567350999,
      "macro_recall": 0.98125,
      "category_recalls": {
        "symptoms": 0.975,
        "diagnosis": 0.95,
        "treatments": 1.0,
        "examinations": 1.0
      }
    },
    "诊断": {
      "bertscore_f1_mean": 0.7226901575922966,
      "bertscore_f1_std": 0.11367258307236652,
      "macro_recall": 0.85625,
      "category_recalls": {
        "symptoms": 0.85,
        "diagnosis": 0.575,
        "treatments": 1.0,
        "examinations": 1.0
      }
    },
    "建议": {
      "bertscore_f1_mean": 0.6884119868278503,
      "bertscore_f1_std": 0.08008730118985145,
      "macro_recall": 0.9229166666666667,
      "category_recalls": {
        "symptoms": 0.975,
        "diagnosis": 0.975,
        "treatments": 0.8125,
        "examinations": 0.9291666666666666
      }
    }
  },
  "sample_info": [
    {
      "id": 1,
      "question": "## 任务：请根据以下医患对话记录，为患者总结问诊报告。输出格式为：```json{\"主诉\": \"\", \"现病史\": \"\", \"辅助检查\": \"\", \"既往史\": \"\", \"诊断\": \"\", \"建议\"..."
    },
    {
      "id": 2,
      "question": "## 任务：请根据以下医患对话记录，为患者总结问诊报告。输出格式为：```json{\"主诉\": \"\", \"现病史\": \"\", \"辅助检查\": \"\", \"既往史\": \"\", \"诊断\": \"\", \"建议\"..."
    },
    {
      "id": 3,
      "question": "## 任务：请根据以下医患对话记录，为患者总结问诊报告。输出格式为：```json{\"主诉\": \"\", \"现病史\": \"\", \"辅助检查\": \"\", \"既往史\": \"\", \"诊断\": \"\", \"建议\"..."
    },
    {
      "id": 4,
      "question": "## 任务：请根据以下医患对话记录，为患者总结问诊报告。输出格式为：```json{\"主诉\": \"\", \"现病史\": \"\", \"辅助检查\": \"\", \"既往史\": \"\", \"诊断\": \"\", \"建议\"..."
    },
    {
      "id": 5,
      "question": "## 任务：请根据以下医患对话记录，为患者总结问诊报告。输出格式为：```json{\"主诉\": \"\", \"现病史\": \"\", \"辅助检查\": \"\", \"既往史\": \"\", \"诊断\": \"\", \"建议\"..."
    },
    {
      "id": 6,
      "question": "## 任务：请根据以下医患对话记录，为患者总结问诊报告。输出格式为：```json{\"主诉\": \"\", \"现病史\": \"\", \"辅助检查\": \"\", \"既往史\": \"\", \"诊断\": \"\", \"建议\"..."
    },
    {
      "id": 7,
      "question": "## 任务：请根据以下医患对话记录，为患者总结问诊报告。输出格式为：```json{\"主诉\": \"\", \"现病史\": \"\", \"辅助检查\": \"\", \"既往史\": \"\", \"诊断\": \"\", \"建议\"..."
    },
    {
      "id": 8,
      "question": "## 任务：请根据以下医患对话记录，为患者总结问诊报告。输出格式为：```json{\"主诉\": \"\", \"现病史\": \"\", \"辅助检查\": \"\", \"既往史\": \"\", \"诊断\": \"\", \"建议\"..."
    },
    {
      "id": 9,
      "question": "## 任务：请根据以下医患对话记录，为患者总结问诊报告。输出格式为：```json{\"主诉\": \"\", \"现病史\": \"\", \"辅助检查\": \"\", \"既往史\": \"\", \"诊断\": \"\", \"建议\"..."
    },
    {
      "id": 10,
      "question": "## 任务：请根据以下医患对话记录，为患者总结问诊报告。输出格式为：```json{\"主诉\": \"\", \"现病史\": \"\", \"辅助检查\": \"\", \"既往史\": \"\", \"诊断\": \"\", \"建议\"..."
    },
    {
      "id": 11,
      "question": "## 任务：请根据以下医患对话记录，为患者总结问诊报告。输出格式为：```json{\"主诉\": \"\", \"现病史\": \"\", \"辅助检查\": \"\", \"既往史\": \"\", \"诊断\": \"\", \"建议\"..."
    },
    {
      "id": 12,
      "question": "## 任务：请根据以下医患对话记录，为患者总结问诊报告。输出格式为：```json{\"主诉\": \"\", \"现病史\": \"\", \"辅助检查\": \"\", \"既往史\": \"\", \"诊断\": \"\", \"建议\"..."
    },
    {
      "id": 13,
      "question": "## 任务：请根据以下医患对话记录，为患者总结问诊报告。输出格式为：```json{\"主诉\": \"\", \"现病史\": \"\", \"辅助检查\": \"\", \"既往史\": \"\", \"诊断\": \"\", \"建议\"..."
    },
    {
      "id": 14,
      "question": "## 任务：请根据以下医患对话记录，为患者总结问诊报告。输出格式为：```json{\"主诉\": \"\", \"现病史\": \"\", \"辅助检查\": \"\", \"既往史\": \"\", \"诊断\": \"\", \"建议\"..."
    },
    {
      "id": 15,
      "question": "## 任务：请根据以下医患对话记录，为患者总结问诊报告。输出格式为：```json{\"主诉\": \"\", \"现病史\": \"\", \"辅助检查\": \"\", \"既往史\": \"\", \"诊断\": \"\", \"建议\"..."
    },
    {
      "id": 16,
      "question": "## 任务：请根据以下医患对话记录，为患者总结问诊报告。输出格式为：```json{\"主诉\": \"\", \"现病史\": \"\", \"辅助检查\": \"\", \"既往史\": \"\", \"诊断\": \"\", \"建议\"..."
    },
    {
      "id": 17,
      "question": "## 任务：请根据以下医患对话记录，为患者总结问诊报告。输出格式为：```json{\"主诉\": \"\", \"现病史\": \"\", \"辅助检查\": \"\", \"既往史\": \"\", \"诊断\": \"\", \"建议\"..."
    },
    {
      "id": 18,