{
  "overall": {
    "bertscore": {
      "precision": 0.6348603272438049,
      "recall": 0.7697569632530212,
      "f1": 0.6951700353622437
    },
    "macro_recall": {
      "macro_recall": 0.8625,
      "category_recalls": {
        "symptoms": 0.875,
        "diagnosis": 0.6875,
        "treatments": 0.9125,
        "examinations": 0.975
      },
      "detailed_recalls": {
        "symptoms": [
          1.0,
          0.75,
          0.6666666666666666,
          1.0,
          0.75,
          0.6666666666666666,
          0.6666666666666666,
          0.5,
          0.5,
          1.0,
          1.0,
          1.0,
          1.0,
          1.0,
          1.0,
          1.0,
          1.0,
          1.0,
          1.0,
          1.0,
          1.0,
          0.5,
          1.0,
          1.0,
          1.0,
          1.0,
          1.0,
          1.0,
          1.0,
          1.0,
          0.0,
          0.5,
          1.0,
          1.0,
          1.0,
          1.0,
          1.0,
          1.0,
          0.5,
          1.0
        ],
        "diagnosis": [
          0.0,
          1.0,
          0.0,
          0.0,
          0.0,
          1.0,
          0.0,
          1.0,
          1.0,
          1.0,
          0.0,
          1.0,
          1.0,
          1.0,
          1.0,
          0.0,
          0.0,
          1.0,
          0.5,
          1.0,
          0.0,
          1.0,
          1.0,
          1.0,
          1.0,
          1.0,
          1.0,
          1.0,
          1.0,
          1.0,
          0.5,
          1.0,
          0.0,
          1.0,
          0.5,
          1.0,
          1.0,
          1.0,
          1.0,
          0.0
        ],
        "treatments": [
          1.0,
          1.0,
          0.0,
          1.0,
          1.0,
          1.0,
          1.0,
          0.5,
          1.0,
          1.0,
          1.0,
          1.0,
          1.0,
          1.0,
          1.0,
          0.5,
          1.0,
          1.0,
          1.0,
          1.0,
          0.0,
          0.5,
          1.0,
          1.0,
          1.0,
          1.0,
          1.0,
          1.0,
          1.0,
          1.0,
          1.0,
          1.0,
          1.0,
          1.0,
          1.0,
          1.0,
          1.0,
          1.0,
          1.0,
          1.0
        ],
        "examinations": [
          1.0,
          1.0,
          1.0,
          1.0,
          1.0,
          1.0,
          1.0,
          1.0,
          1.0,
          1.0,
          1.0,
          1.0,
          1.0,
          1.0,
          1.0,
          1.0,
          1.0,
          1.0,
          1.0,
          1.0,
          1.0,
          1.0,
          1.0,
          1.0,
          1.0,
          1.0,
          1.0,
          1.0,
          1.0,
          1.0,
          1.0,
          1.0,
          1.0,
          1.0,
          1.0,
          0.0,
          1.0,
          1.0,
          1.0,
          1.0
        ]
      }
    }
  },
  "field_level": {
    "主诉": {
      "bertscore_f1_mean": 0.696275708079338,
      "bertscore_f1_std": 0.0609662111149835,
      "macro_recall": 0.9197916666666667,
      "category_recalls": {
        "symptoms": 0.8041666666666666,
        "diagnosis": 0.875,
        "treatments": 1.0,
        "examinations": 1.0
      }
    },
    "现病史": {
      "bertscore_f1_mean": 0.6838898941874504,
      "bertscore_f1_std": 0.057399710867669616,
      "macro_recall": 0.8583333333333334,
      "category_recalls": {
        "symptoms": 0.6833333333333333,
        "diagnosis": 0.825,
        "treatments": 0.925,
        "examinations": 1.0
      }
    },
    "辅助检查": {
      "bertscore_f1_mean": 0.5320038594305515,
      "bertscore_f1_std": 0.10466672031515861,
      "macro_recall": 0.96875,
      "category_recalls": {
        "symptoms": 1.0,
        "diagnosis": 0.975,
        "treatments": 1.0,
        "examinations": 0.9
      }
    },
    "既往史": {
      "bertscore_f1_mean": 0.5742569319903851,
      "bertscore_f1_std": 0.09453166716589174,
      "macro_recall": 0.98125,
      "category_recalls": {
        "symptoms": 0.975,
        "diagnosis": 0.95,
        "treatments": 1.0,
        "examinations": 1.0
      }
    },
    "诊断": {
      "bertscore_f1_mean": 0.730012221634388,
      "bertscore_f1_std": 0.10228599769019656,
      "macro_recall": 0.85625,
      "category_recalls": {
        "symptoms": 0.85,
        "diagnosis": 0.575,
        "treatments": 1.0,
        "examinations": 1.0
      }
    },
    "建议": {
      "bertscore_f1_mean": 0.6874082334339618,
      "bertscore_f1_std": 0.0734822229493876,
      "macro_recall": 0.9625,
      "category_recalls": {
        "symptoms": 0.975,
        "diagnosis": 1.0,
        "treatments": 0.9,
        "examinations": 0.975
      }
    }
  },
  "sample_info": [
    {
      "id": 1,
      "question": "## 任务：请根据以下医患对话记录，为患者总结问诊报告。输出格式为：```json{\"主诉\": \"\", \"现病史\": \"\", \"辅助检查\": \"\", \"既往史\": \"\", \"诊断\": \"\", \"建议\"..."
    },
    {
      "id": 2,
      "question": "## 任务：请根据以下医患对话记录，为患者总结问诊报告。输出格式为：```json{\"主诉\": \"\", \"现病史\": \"\", \"辅助检查\": \"\", \"既往史\": \"\", \"诊断\": \"\", \"建议\"..."
    },
    {
      "id": 3,
      "question": "## 任务：请根据以下医患对话记录，为患者总结问诊报告。输出格式为：```json{\"主诉\": \"\", \"现病史\": \"\", \"辅助检查\": \"\", \"既往史\": \"\", \"诊断\": \"\", \"建议\"..."
    },
    {
      "id": 4,
      "question": "## 任务：请根据以下医患对话记录，为患者总结问诊报告。输出格式为：```json{\"主诉\": \"\", \"现病史\": \"\", \"辅助检查\": \"\", \"既往史\": \"\", \"诊断\": \"\", \"建议\"..."
    },
    {
      "id": 5,
      "question": "## 任务：请根据以下医患对话记录，为患者总结问诊报告。输出格式为：```json{\"主诉\": \"\", \"现病史\": \"\", \"辅助检查\": \"\", \"既往史\": \"\", \"诊断\": \"\", \"建议\"..."
    },
    {
      "id": 6,
      "question": "## 任务：请根据以下医患对话记录，为患者总结问诊报告。输出格式为：```json{\"主诉\": \"\", \"现病史\": \"\", \"辅助检查\": \"\", \"既往史\": \"\", \"诊断\": \"\", \"建议\"..."
    },
    {
      "id": 7,
      "question": "## 任务：请根据以下医患对话记录，为患者总结问诊报告。输出格式为：```json{\"主诉\": \"\", \"现病史\": \"\", \"辅助检查\": \"\", \"既往史\": \"\", \"诊断\": \"\", \"建议\"..."
    },
    {
      "id": 8,
      "question": "## 任务：请根据以下医患对话记录，为患者总结问诊报告。输出格式为：```json{\"主诉\": \"\", \"现病史\": \"\", \"辅助检查\": \"\", \"既往史\": \"\", \"诊断\": \"\", \"建议\"..."
    },
    {
      "id": 9,
      "question": "## 任务：请根据以下医患对话记录，为患者总结问诊报告。输出格式为：```json{\"主诉\": \"\", \"现病史\": \"\", \"辅助检查\": \"\", \"既往史\": \"\", \"诊断\": \"\", \"建议\"..."
    },
    {
      "id": 10,
      "question": "## 任务：请根据以下医患对话记录，为患者总结问诊报告。输出格式为：```json{\"主诉\": \"\", \"现病史\": \"\", \"辅助检查\": \"\", \"既往史\": \"\", \"诊断\": \"\", \"建议\"..."
    },
    {
      "id": 11,
      "question": "## 任务：请根据以下医患对话记录，为患者总结问诊报告。输出格式为：```json{\"主诉\": \"\", \"现病史\": \"\", \"辅助检查\": \"\", \"既往史\": \"\", \"诊断\": \"\", \"建议\"..."
    },
    {
      "id": 12,
      "question": "## 任务：请根据以下医患对话记录，为患者总结问诊报告。输出格式为：```json{\"主诉\": \"\", \"现病史\": \"\", \"辅助检查\": \"\", \"既往史\": \"\", \"诊断\": \"\", \"建议\"..."
    },
    {
      "id": 13,
      "question": "## 任务：请根据以下医患对话记录，为患者总结问诊报告。输出格式为：```json{\"主诉\": \"\", \"现病史\": \"\", \"辅助检查\": \"\", \"既往史\": \"\", \"诊断\": \"\", \"建议\"..."
    },
    {
      "id": 14,
      "question": "## 任务：请根据以下医患对话记录，为患者总结问诊报告。输出格式为：```json{\"主诉\": \"\", \"现病史\": \"\", \"辅助检查\": \"\", \"既往史\": \"\", \"诊断\": \"\", \"建议\"..."
    },
    {
      "id": 15,
      "question": "## 任务：请根据以下医患对话记录，为患者总结问诊报告。输出格式为：```json{\"主诉\": \"\", \"现病史\": \"\", \"辅助检查\": \"\", \"既往史\": \"\", \"诊断\": \"\", \"建议\"..."
    },
    {
      "id": 16,
      "question": "## 任务：请根据以下医患对话记录，为患者总结问诊报告。输出格式为：```json{\"主诉\": \"\", \"现病史\": \"\", \"辅助检查\": \"\", \"既往史\": \"\", \"诊断\": \"\", \"建议\"..."
    },
    {
      "id": 17,
      "question": "## 任务：请根据以下医患对话记录，为患者总结问诊报告。输出格式为：```json{\"主诉\": \"\", \"现病史\": \"\", \"辅助检查\": \"\", \"既往史\": \"\", \"诊断\": \"\", \"建议\"..."
    },
    {
      "id": 18,
      "question": "## 任务：请根据以下医患对话记录，为患者总结问诊报告。输出格式为：```json{\"主诉\": \"\", \"现病史\": \"\", \"辅助检查\": \"\", \"既往史\": \"\", \"诊断\": \"\", \"建议\"..."
    },
    {
      "id": 19,