{
  "overall": {
    "bertscore": {
      "precision": 0.549081826210022,
      "recall": 0.6686876058578491,
      "f1": 0.6031093239784241
    },
    "macro_recall": {
      "macro_recall": 0.7411458333333333,
      "category_recalls": {
        "symptoms": 0.8145833333333332,
        "diagnosis": 0.6,
        "treatments": 0.7,
        "examinations": 0.85
      },
      "detailed_recalls": {
        "symptoms": [
          1.0,
          0.75,
          0.6666666666666666,
          1.0,
          1.0,
          0.6666666666666666,
          1.0,
          1.0,
          1.0,
          1.0,
          1.0,
          1.0,
          1.0,
          1.0,
          1.0,
          1.0,
          1.0,
          1.0,
          1.0,
          1.0,
          1.0,
          1.0,
          1.0,
          1.0,
          1.0,
          1.0,
          1.0,
          1.0,
          0.0,
          1.0,
          0.0,
          1.0,
          1.0,
          1.0,
          1.0,
          1.0,
          1.0,
          1.0,
          0.5,
          1.0
        ],
        "diagnosis": [
          0.0,
          1.0,
          0.0,
          0.0,
          1.0,
          1.0,
          1.0,
          1.0,
          1.0,
          1.0,
          0.0,
          1.0,
          1.0,
          1.0,
          1.0,
          0.0,
          0.0,
          1.0,
          0.5,
          1.0,
          0.0,
          1.0,
          1.0,
          1.0,
          1.0,
          1.0,
          1.0,
          1.0,
          0.0,
          1.0,
          0.5,
          1.0,
          0.0,
          1.0,
          0.0,
          1.0,
          1.0,
          1.0,
          1.0,
          0.0
        ],
        "treatments": [
          1.0,
          0.0,
          0.0,
          1.0,
          0.0,
          1.0,
          0.0,
          0.5,
          1.0,
          1.0,
          0.0,
          1.0,
          1.0,
          1.0,
          1.0,
          0.5,
          1.0,
          1.0,
          1.0,
          1.0,
          0.0,
          0.0,
          1.0,
          1.0,
          1.0,
          1.0,
          1.0,
          1.0,
          1.0,
          1.0,
          1.0,
          1.0,
          1.0,
          1.0,
          1.0,
          1.0,
          1.0,
          1.0,
          1.0,
          1.0
        ],
        "examinations": [
          1.0,
          1.0,
          1.0,
          1.0,
          1.0,
          1.0,
          1.0,
          1.0,
          1.0,
          1.0,
          1.0,
          1.0,
          1.0,
          1.0,
          1.0,
          1.0,
          1.0,
          1.0,
          1.0,
          1.0,
          1.0,
          1.0,
          1.0,
          1.0,
          1.0,
          1.0,
          1.0,
          0.0,
          1.0,
          1.0,
          1.0,
          1.0,
          1.0,
          1.0,
          1.0,
          1.0,
          1.0,
          1.0,
          1.0,
          0.0
        ]
      }
    }
  },
  "field_level": {
    "主诉": {
      "bertscore_f1_mean": 0.6287502676248551,
      "bertscore_f1_std": 0.1857405302192648,
      "macro_recall": 0.9020833333333333,
      "category_recalls": {
        "symptoms": 0.7583333333333333,
        "diagnosis": 0.85,
        "treatments": 1.0,
        "examinations": 1.0
      }
    },
    "现病史": {
      "bertscore_f1_mean": 0.6872492924332618,
      "bertscore_f1_std": 0.055944004753485786,
      "macro_recall": 0.8223958333333333,
      "category_recalls": {
        "symptoms": 0.6645833333333332,
        "diagnosis": 0.725,
        "treatments": 0.9,
        "examinations": 1.0
      }
    },
    "辅助检查": {
      "bertscore_f1_mean": 0.4829478971660137,
      "bertscore_f1_std": 0.2380430697099253,
      "macro_recall": 0.96875,
      "category_recalls": {
        "symptoms": 1.0,
        "diagnosis": 1.0,
        "treatments": 1.0,
        "examinations": 0.875
      }
    },
    "既往史": {
      "bertscore_f1_mean": 0.4778852820396423,
      "bertscore_f1_std": 0.16687938690496812,
      "macro_recall": 0.98125,
      "category_recalls": {
        "symptoms": 0.975,
        "diagnosis": 0.95,
        "treatments": 1.0,
        "examinations": 1.0
      }
    },
    "诊断": {
      "bertscore_f1_mean": 0.7189294502139092,
      "bertscore_f1_std": 0.0980454785568339,
      "macro_recall": 0.8625,
      "category_recalls": {
        "symptoms": 0.85,
        "diagnosis": 0.6,
        "treatments": 1.0,
        "examinations": 1.0
      }
    },
    "建议": {
      "bertscore_f1_mean": 0.6796246610581875,
      "bertscore_f1_std": 0.07732993805804773,
      "macro_recall": 0.934375,
      "category_recalls": {
        "symptoms": 0.975,
        "diagnosis": 0.975,
        "treatments": 0.8375,
        "examinations": 0.95
      }
    }
  },
  "sample_info": [
    {
      "id": 1,
      "question": "## 任务：请根据以下医患对话记录，为患者总结问诊报告。输出格式为：```json{\"主诉\": \"\", \"现病史\": \"\", \"辅助检查\": \"\", \"既往史\": \"\", \"诊断\": \"\", \"建议\"..."
    },
    {
      "id": 2,
      "question": "## 任务：请根据以下医患对话记录，为患者总结问诊报告。输出格式为：```json{\"主诉\": \"\", \"现病史\": \"\", \"辅助检查\": \"\", \"既往史\": \"\", \"诊断\": \"\", \"建议\"..."
    },
    {
      "id": 3,
      "question": "## 任务：请根据以下医患对话记录，为患者总结问诊报告。输出格式为：```json{\"主诉\": \"\", \"现病史\": \"\", \"辅助检查\": \"\", \"既往史\": \"\", \"诊断\": \"\", \"建议\"..."
    },
    {
      "id": 4,
      "question": "## 任务：请根据以下医患对话记录，为患者总结问诊报告。输出格式为：```json{\"主诉\": \"\", \"现病史\": \"\", \"辅助检查\": \"\", \"既往史\": \"\", \"诊断\": \"\", \"建议\"..."
    },
    {
      "id": 5,
      "question": "## 任务：请根据以下医患对话记录，为患者总结问诊报告。输出格式为：```json{\"主诉\": \"\", \"现病史\": \"\", \"辅助检查\": \"\", \"既往史\": \"\", \"诊断\": \"\", \"建议\"..."
    },
    {
      "id": 6,
      "question": "## 任务：请根据以下医患对话记录，为患者总结问诊报告。输出格式为：```json{\"主诉\": \"\", \"现病史\": \"\", \"辅助检查\": \"\", \"既往史\": \"\", \"诊断\": \"\", \"建议\"..."
    },
    {
      "id": 7,
      "question": "## 任务：请根据以下医患对话记录，为患者总结问诊报告。输出格式为：```json{\"主诉\": \"\", \"现病史\": \"\", \"辅助检查\": \"\", \"既往史\": \"\", \"诊断\": \"\", \"建议\"..."
    },
    {
      "id": 8,
      "question": "## 任务：请根据以下医患对话记录，为患者总结问诊报告。输出格式为：```json{\"主诉\": \"\", \"现病史\": \"\", \"辅助检查\": \"\", \"既往史\": \"\", \"诊断\": \"\", \"建议\"..."
    },
    {
      "id": 9,
      "question": "## 任务：请根据以下医患对话记录，为患者总结问诊报告。输出格式为：```json{\"主诉\": \"\", \"现病史\": \"\", \"辅助检查\": \"\", \"既往史\": \"\", \"诊断\": \"\", \"建议\"..."
    },
    {
      "id": 10,
      "question": "## 任务：请根据以下医患对话记录，为患者总结问诊报告。输出格式为：```json{\"主诉\": \"\", \"现病史\": \"\", \"辅助检查\": \"\", \"既往史\": \"\", \"诊断\": \"\", \"建议\"..."
    },
    {
      "id": 11,
      "question": "## 任务：请根据以下医患对话记录，为患者总结问诊报告。输出格式为：```json{\"主诉\": \"\", \"现病史\": \"\", \"辅助检查\": \"\", \"既往史\": \"\", \"诊断\": \"\", \"建议\"..."
    },
    {
      "id": 12,
      "question": "## 任务：请根据以下医患对话记录，为患者总结问诊报告。输出格式为：```json{\"主诉\": \"\", \"现病史\": \"\", \"辅助检查\": \"\", \"既往史\": \"\", \"诊断\": \"\", \"建议\"..."
    },
    {
      "id": 13,
      "question": "## 任务：请根据以下医患对话记录，为患者总结问诊报告。输出格式为：```json{\"主诉\": \"\", \"现病史\": \"\", \"辅助检查\": \"\", \"既往史\": \"\", \"诊断\": \"\", \"建议\"..."
    },
    {
      "id": 14,
      "question": "## 任务：请根据以下医患对话记录，为患者总结问诊报告。输出格式为：```json{\"主诉\": \"\", \"现病史\": \"\", \"辅助检查\": \"\", \"既往史\": \"\", \"诊断\": \"\", \"建议\"..."
    },
    {
      "id": 15,
      "question": "## 任务：请根据以下医患对话记录，为患者总结问诊报告。输出格式为：```json{\"主诉\": \"\", \"现病史\": \"\", \"辅助检查\": \"\", \"既往史\": \"\", \"诊断\": \"\", \"建议\"..."
    },
    {
      "id": 16,
      "question": "## 任务：请根据以下医患对话记录，为患者总结问诊报告。输出格式为：```json{\"主诉\": \"\", \"现病史\": \"\", \"辅助检查\": \"\", \"既往史\": \"\", \"诊断\": \"\", \"建议\"..."
    },
    {
      "id": 17,
      "question": "## 任务：请根据以下医患对话记录，为患者总结问诊报告。输出格式为：```json{\"主诉\": \"\", \"现病史\": \"\", \"辅助检查\": \"\", \"既往史\": \"\", \"诊断\": \"\", \"建议\"..."
    },
    {
      "id": 18,
      "question": "## 任务：请根据以下医患对话记录，为患者总结问诊报告。输出格式为：```json{\"主诉\": \"\", \"现病史\": \"\", \"辅助检查\": \"\", \"既往史\": \"\", \"诊断\": \"\", \"建议\"..."
    },
    {
      "id": 19,