{
  "overall": {
    "bertscore": {
      "precision": 0.666508891582489,
      "recall": 0.8163707041740417,
      "f1": 0.7255634741783142
    },
    "macro_recall": {
      "macro_recall": 0.8751041666666666,
      "category_recalls": {
        "symptoms": 0.8954166666666666,
        "diagnosis": 0.7225,
        "treatments": 0.9475,
        "examinations": 0.945
      },
      "detailed_recalls": {
        "symptoms": [
          1.0,
          1.0,
          0.6666666666666666,
          1.0,
          0.75,
          0.6666666666666666,
          0.3333333333333333,
          1.0,
          1.0,
          0.5,
          1.0,
          1.0,
          1.0,
          1.0,
          1.0,
          1.0,
          1.0,
          1.0,
          1.0,
          1.0,
          1.0,
          0.5,
          1.0,
          1.0,
          1.0,
          1.0,
          1.0,
          1.0,
          1.0,
          1.0,
          0.0,
          0.5,
          1.0,
          1.0,
          1.0,
          1.0,
          1.0,
          1.0,
          0.5,
          1.0
        ],
        "diagnosis": [
          0.0,
          1.0,
          0.0,
          0.0,
          0.0,
          1.0,
          1.0,
          1.0,
          1.0,
          1.0,
          0.0,
          1.0,
          1.0,
          1.0,
          1.0,
          0.0,
          0.0,
          1.0,
          0.5,
          1.0,
          0.0,
          1.0,
          1.0,
          1.0,
          1.0,
          1.0,
          1.0,
          1.0,
          1.0,
          1.0,
          0.5,
          1.0,
          0.0,
          1.0,
          0.5,
          1.0,
          1.0,
          1.0,
          1.0,
          0.0
        ],
        "treatments": [
          1.0,
          1.0,
          0.0,
          1.0,
          1.0,
          1.0,
          1.0,
          1.0,
          1.0,
          1.0,
          1.0,
          1.0,
          1.0,
          1.0,
          1.0,
          0.5,
          1.0,
          1.0,
          1.0,
          1.0,
          1.0,
          0.0,
          1.0,
          1.0,
          1.0,
          1.0,
          1.0,
          1.0,
          1.0,
          1.0,
          1.0,
          1.0,
          1.0,
          1.0,
          1.0,
          1.0,
          1.0,
          1.0,
          1.0,
          1.0
        ],
        "examinations": [
          1.0,
          1.0,
          1.0,
          1.0,
          1.0,
          1.0,
          1.0,
          1.0,
          1.0,
          1.0,
          1.0,
          1.0,
          1.0,
          1.0,
          1.0,
          1.0,
          1.0,
          1.0,
          1.0,
          1.0,
          1.0,
          1.0,
          1.0,
          1.0,
          1.0,
          1.0,
          1.0,
          0.0,
          1.0,
          1.0,
          1.0,
          1.0,
          1.0,
          0.0,
          1.0,
          1.0,
          1.0,
          1.0,
          1.0,
          0.0
        ]
      }
    }
  },
  "field_level": {
    "主诉": {
      "bertscore_f1_mean": 0.7002082616090775,
      "bertscore_f1_std": 0.07875689365766217,
      "macro_recall": 0.9,
      "category_recalls": {
        "symptoms": 0.75,
        "diagnosis": 0.85,
        "treatments": 1.0,
        "examinations": 1.0
      }
    },
    "现病史": {
      "bertscore_f1_mean": 0.6745082959532738,
      "bertscore_f1_std": 0.05375567452132642,
      "macro_recall": 0.8546875,
      "category_recalls": {
        "symptoms": 0.71875,
        "diagnosis": 0.8,
        "treatments": 0.9,
        "examinations": 1.0
      }
    },
    "辅助检查": {
      "bertscore_f1_mean": 0.5896667636930942,
      "bertscore_f1_std": 0.08736895001231273,
      "macro_recall": 0.96875,
      "category_recalls": {
        "symptoms": 1.0,
        "diagnosis": 1.0,
        "treatments": 1.0,
        "examinations": 0.875
      }
    },
    "既往史": {
      "bertscore_f1_mean": 0.5530923768877983,
      "bertscore_f1_std": 0.060781276687764084,
      "macro_recall": 0.98125,
      "category_recalls": {
        "symptoms": 0.975,
        "diagnosis": 0.95,
        "treatments": 1.0,
        "examinations": 1.0
      }
    },
    "诊断": {
      "bertscore_f1_mean": 0.7149473041296005,
      "bertscore_f1_std": 0.10022601464483576,
      "macro_recall": 0.85625,
      "category_recalls": {
        "symptoms": 0.85,
        "diagnosis": 0.575,
        "treatments": 1.0,
        "examinations": 1.0
      }
    },
    "建议": {
      "bertscore_f1_mean": 0.6768522962927819,
      "bertscore_f1_std": 0.08175342404593834,
      "macro_recall": 0.965625,
      "category_recalls": {
        "symptoms": 0.975,
        "diagnosis": 1.0,
        "treatments": 0.9625,
        "examinations": 0.925
      }
    }
  },
  "sample_info": [
    {
      "id": 1,
      "question": "## 任务：请根据以下医患对话记录，为患者总结问诊报告。\n\n## 思维链分析步骤：\n1. **提取关键症状信息**：从对话中识别患者的主要症状、持续时间、严重程度\n2. **梳理病史时间线**：整理症..."
    },
    {
      "id": 2,
      "question": "## 任务：请根据以下医患对话记录，为患者总结问诊报告。\n\n## 思维链分析步骤：\n1. **提取关键症状信息**：从对话中识别患者的主要症状、持续时间、严重程度\n2. **梳理病史时间线**：整理症..."
    },
    {
      "id": 3,
      "question": "## 任务：请根据以下医患对话记录，为患者总结问诊报告。\n\n## 思维链分析步骤：\n1. **提取关键症状信息**：从对话中识别患者的主要症状、持续时间、严重程度\n2. **梳理病史时间线**：整理症..."
    },
    {
      "id": 4,
      "question": "## 任务：请根据以下医患对话记录，为患者总结问诊报告。\n\n## 思维链分析步骤：\n1. **提取关键症状信息**：从对话中识别患者的主要症状、持续时间、严重程度\n2. **梳理病史时间线**：整理症..."
    },
    {
      "id": 5,
      "question": "## 任务：请根据以下医患对话记录，为患者总结问诊报告。\n\n## 思维链分析步骤：\n1. **提取关键症状信息**：从对话中识别患者的主要症状、持续时间、严重程度\n2. **梳理病史时间线**：整理症..."
    },
    {
      "id": 6,
      "question": "## 任务：请根据以下医患对话记录，为患者总结问诊报告。\n\n## 思维链分析步骤：\n1. **提取关键症状信息**：从对话中识别患者的主要症状、持续时间、严重程度\n2. **梳理病史时间线**：整理症..."
    },
    {
      "id": 7,
      "question": "## 任务：请根据以下医患对话记录，为患者总结问诊报告。\n\n## 思维链分析步骤：\n1. **提取关键症状信息**：从对话中识别患者的主要症状、持续时间、严重程度\n2. **梳理病史时间线**：整理症..."
    },
    {
      "id": 8,
      "question": "## 任务：请根据以下医患对话记录，为患者总结问诊报告。\n\n## 思维链分析步骤：\n1. **提取关键症状信息**：从对话中识别患者的主要症状、持续时间、严重程度\n2. **梳理病史时间线**：整理症..."
    },
    {
      "id": 9,
      "question": "## 任务：请根据以下医患对话记录，为患者总结问诊报告。\n\n## 思维链分析步骤：\n1. **提取关键症状信息**：从对话中识别患者的主要症状、持续时间、严重程度\n2. **梳理病史时间线**：整理症..."
    },
    {
      "id": 10,
      "question": "## 任务：请根据以下医患对话记录，为患者总结问诊报告。\n\n## 思维链分析步骤：\n1. **提取关键症状信息**：从对话中识别患者的主要症状、持续时间、严重程度\n2. **梳理病史时间线**：整理症..."
    },
    {
      "id": 11,
      "question": "## 任务：请根据以下医患对话记录，为患者总结问诊报告。\n\n## 思维链分析步骤：\n1. **提取关键症状信息**：从对话中识别患者的主要症状、持续时间、严重程度\n2. **梳理病史时间线**：整理症..."
    },
    {
      "id": 12,
      "question": "## 任务：请根据以下医患对话记录，为患者总结问诊报告。\n\n## 思维链分析步骤：\n1. **提取关键症状信息**：从对话中识别患者的主要症状、持续时间、严重程度\n2. **梳理病史时间线**：整理症..."
    },
    {
      "id": 13,
      "question": "## 任务：请根据以下医患对话记录，为患者总结问诊报告。\n\n## 思维链分析步骤：\n1. **提取关键症状信息**：从对话中识别患者的主要症状、持续时间、严重程度\n2. **梳理病史时间线**：整理症..."
    },
    {
      "id": 14,
      "question": "## 任务：请根据以下医患对话记录，为患者总结问诊报告。\n\n## 思维链分析步骤：\n1. **提取关键症状信息**：从对话中识别患者的主要症状、持续时间、严重程度\n2. **梳理病史时间线**：整理症..."
    },
    {
      "id": 15,
      "question": "## 任务：请根据以下医患对话记录，为患者总结问诊报告。\n\n## 思维链分析步骤：\n1. **提取关键症状信息**：从对话中识别患者的主要症状、持续时间、严重程度\n2. **梳理病史时间线**：整理症..."
    },
    {
      "id": 16,
      "question": "## 任务：请根据以下医患对话记录，为患者总结问诊报告。\n\n## 思维链分析步骤：\n1. **提取关键症状信息**：从对话中识别患者的主要症状、持续时间、严重程度\n2. **梳理病史时间线**：整理症..."
    },
    {
      "id": 17,
      "question": "## 任务：请根据以下医患对话记录，为患者总结问诊报告。\n\n## 思维链分析步骤：\n1. **提取关键症状信息**：从对话中识别患者的主要症状、持续时间、严重程度\n2. **梳理病史时间线**：整理症..."
    },
    {
      "id": 18,
      "question": "## 任务：请根据以下医患对话记录，为患者总结问诊报告。\n\n## 思维链分析步骤：\n1. **提取关键症状信息**：从对话中识别患者的主要症状、持续时间、严重程度\n2. **梳理病史时间线**：整理症..."
    },
    {
      "id": 19,
      "question": "## 任务：请根据以下医患对话记录，为患者总结问诊报告。\n\n## 思维链分析步骤：\n1. **提取关键症状信息**：从对话中识别患者的主要症状、持续时间、严重程度\n2. **梳理病史时间线**：整理症..."
    },
    {
      "id": 20,
      "question": "## 任务：请根据以下医患对话记录，为患者总结问诊报告。\n\n## 思维链分析步骤：\n1. **提取关键症状信息**：从对话中识别患者的主要症状、持续时间、严重程度\n2. **梳理病史时间线**：整理症..."
    },
    {
      "id": 21,